text,f1,f2,f3,f4,f5,f6,f7,f8
"–•–æ—Ç–µ–ª–∞ –∫—É–ø–∏—Ç—å –Ω–∞ –∑–∞–º–µ–Ω—É —Å—Ç–∞—Ä—ã—Ö,–ø–æ –∏—Ç–æ–≥—É —ç—Ç–∏  —É–∂–∞—Å–Ω–æ—Ç—É–ø—ã–µ ,–Ω–µ —É–¥–æ–±–Ω—ã–µ ,—Ä–≤—É—Ç –∫—É—Ç–∏–∫—É–ª—É ,–∞ –Ω–µ —Ä–µ–∂—É—Ç.",1,1,1.0,11,13,4.2727272727272725,18,36
–ó–∞–ø–∞—Ö –ø–æ —Å—Ä–∞–≤–Ω–µ–Ω–∏—é —Å –æ–±—ã—á–Ω—ã–º DOVE –Ω–∏–∫–∞–∫–æ–π. –û–Ω–æ –Ω–µ –ø–∞—Ä—Ñ—é–º–∏—Ä–æ–≤–∞–Ω–Ω–æ–µ. –¢–æ–ª—å–∫–æ –±–∞–Ω–æ—á–∫–∏ —Å–∏–º–ø–∞—Ç–∏—á–Ω—ã–µ –∏ –≤—Å—ë,10,6,2.7,46,4,4.434782608695652,90,109
"–ö–∞–±–µ–ª—å –ø–æ–¥–æ—à—ë–ª, —Ö–æ—Ä–æ—à–æ —Ä–∞–±–æ—Ç–∞–µ—Ç.",4,4,4.0,14,0,4.5,4,6
"–í–æ—Å—Ç–æ—Ä–≥! –û—á–µ–Ω—å –ø—Ä–∏—è—Ç–Ω—ã–π –∞—Ä–æ–º–∞—Ç, –¥–µ—Ä–∂–∏—Ç—Å—è –¥–æ–ª–≥–æ, –æ—á–µ–Ω—å —É–¥–æ–±–Ω—ã–π —Ñ–æ—Ä–º–∞—Ç –¥–ª—è —Å—É–º–æ—á–∫–∏.",6,6,5.0,374,30,4.7727272727272725,14,15
–í–∏–∑—É–∞–ª—å–Ω–æ –≤—Å–µ —Ö–æ—Ä–æ—à–æ. –ù–µ –ø—Ä–æ–±–æ–≤–∞–ª–∏. –ö—É–ø–∏–ª–∏ –≤ –ø–æ–¥–∞—Ä–æ–∫,19,18,5.0,6,4,5.0,26,33
"–ö–æ—Ä–æ–±–∫–∞ –≤ —Å–æ—Å—Ç–æ—è–Ω–∏–∏,, –ø—Ä–æ—à–ª–∞ –ê—Ñ–≥–∞–Ω,,! –ì–ª–∞–¥–∫–∞—è –∫–æ–∂–∞ –Ω–æ—Å–∫–æ–≤ —Å–∞–ø–æ–≥ —Ç–æ–∂–µ —É–∂–µ –Ω–µ –≤—ã–≥–ª—è–¥–∏—Ç –Ω–æ–≤–æ–π. –ù–æ —Å–∞–ø–æ–≥–∏ –≤–µ—Ä–Ω—É–ª–∞ —Å–æ–≤—Å–µ–º –Ω–µ –ø–æ —ç—Ç–∏–º –ø—Ä–∏—á–∏–Ω–∞–º. –î–µ–ª–æ –≤ —Ç–æ–º, —á—Ç–æ –≤—Å–∞–º–æ–π –º–æ–¥–µ–ª–∏ —Å–∞–ø–æ–≥ —Å—Ç—Ä–∞–Ω–Ω–æ–µ –≥–æ–ª–µ–Ω–∏—â–µ. –î–∏–∑–∞–π–Ω–µ—Ä –ø—Ä–æ—Å—á–∏—Ç–∞–ª—Å—è, —Ä–µ—à–∏–ª –≤—Å—Ç–∞–≤–∏—Ç—å –≤ —ç—Å–∫–∏–∑ –∑–∞–º–æ–∫, —Ö–æ—Ç—è —Å—Ç–æ–∏–ª–æ –æ–±–æ–π—Ç–∏—Å—å —Ä–µ–∑–∏–Ω–∫–æ–π, –¥–∞—é—â–µ–π –≤–æ–∑–º–æ–∂–Ω–æ—Å—Ç—å –≤–º–µ—Å—Ç–∏—Ç—å –ª—é–±—É—é —Ç–æ–ª—â–∏–Ω—É –∏–∫—Ä—ã –∂–µ–Ω—Å–∫–æ–π –Ω–æ–∂–∫–∏. –ó–∞–º–æ–∫ —Ç–æ–ø–æ—Ä—â–∏—Ç, –¥–µ—Ä–∂–∏—Ç —Å—Ç—Ä–∞–Ω–Ω—É—é —Ñ–æ—Ä–º—É, —á—Ç–æ –ø–æ—Ä—Ç–∏—Ç –≤–∏–¥ —Å–∞–ø–æ–≥.",1,1,3.0,8,4,3.5,0,3
–î–∂–∏–Ω—Å—ã —Ö–æ—Ä–æ—à–∏–µ –∫–∞—á–µ—Å—Ç–≤–æ –æ—Ç–ª–∏—á–Ω–æ–µ –Ω–æ –¥–æ—Ä–æ–≥–æ–≤–∞—Ç—ã –∏ –ú–∞–ª—ã –æ—á–µ–Ω—å  –±—Ä–∞–ª –Ω–∞ –¥–≤–∞ —Ä–∞–∑–º–µ—Ä–∞ –±–æ–ª—å—à–µ –Ω–æ —É–≤—ã —Ç–∞–∫ —á—Ç–æ –≤–æ–∑–≤—Ä–∞—Ç,2,2,3.0,173,34,4.22543352601156,1,7
–•–æ—Ä–æ—à–µ–µ –∫–∞—á–µ—Å—Ç–≤–æ,5,4,5.0,30,1,4.6,8,8
"–ö–∞–º–µ—Ä—ã –Ω–µ –∑–∞–∫—Ä—ã–≤–∞–µ—Ç, –∫–∞–º–µ—Ä—ã –≤ —Ä–æ–≤–µ–Ω—å —Å —á–µ—Ö–ª–æ–º",1,1,1.0,210,90,4.6571428571428575,2,2
"–Æ–ª–∏—è –Ω–µ –º–æ–≥–ª–∏ –±—ã –í—ã –ø—Ä–æ–≤–µ—Ä–∏—Ç—å —Å—Ç–µ–≥–∞–Ω–∫—É –∫–æ—Ç–æ—Ä—É—é —è –≤–µ—Ä–Ω—É–ª–∞ –Ω–µ—Ç –ª–∏ –≤ –∫–∞—Ä–º–∞–Ω–∞—Ö –∫–ª—é—á –æ—Ç –º–∞—à–∏–Ω, —è –±–æ—é—Å—å —á—Ç–æ –≤ –ø—Ä–∏–º–µ—Ä–æ—á–Ω–æ–π —è –ø–æ –∏–Ω–µ—Ä—Ü–∏–∏ –∏—Ö –ø–æ–ª–æ–∂–∏–ª–∞ –≤ –∫–∞—Ä–º–∞–Ω –∏ –≤–µ—Ä–Ω—É–ª–∞ –ø–æ–∑–≤–æ–Ω–∏ –µ—Å–ª–∏ –µ—Å—Ç—å –ø–æ —ç—Ç–æ–º—É –Ω–æ–º–µ—Ä—É 287896096",1,1,5.0,337,90,4.71513353115727,0,1
"–•–æ—Ä–æ—à–æ —É–ø–∞–∫–æ–≤–∞–Ω, –û—Ä–∏–≥–µ–Ω–∞–ª üëåüèª—Å–ø–∞—Å–∏–±–æ",12,12,5.0,155,68,4.354838709677419,15,19
–û—ã–æ—ã—Ä—ã–≥—ã–æ—Ü—Ä—Ü–Ω—ã–æ—Ü–Ω,2,2,5.0,718,178,4.554317548746518,2,6
"–û—Ç–ª–∏—á–Ω—ã–π —Ä—é–∫–∑–∞–∫. –î–µ–π—Å—Ç–≤–∏—Ç–µ–ª—å–Ω–æ, –ø–∞—Ö–Ω–µ—Ç –Ω–æ–≤—ã–º, –ø—Ä–∏—è—Ç–Ω—ã–π –∑–∞–ø–∞—Ö. –ú–æ–ª–Ω–∏–∏ —Ö–æ—Ä–æ—à–æ –∑–∞—Å—Ç–µ–≥–∏–≤–∞—é—Ç—Å—è. –ö–∞—á–µ—Å—Ç–≤–æ —Ö–æ—Ä–æ—à–µ–µ. –ü–æ—Å–º–æ—Ç—Ä–∏–º, –∫–∞–∫ –≤ –∏—Å–ø–æ–ª—å–∑–æ–≤–∞–Ω–∏–∏ —Å–µ–±—è –ø—Ä–æ—è–≤–∏—Ç. –ü—Ä–∏—à–µ–ª —Ç–æ–≤–∞—Ä –±—ã—Å—Ç—Ä–æ.",1,1,5.0,132,15,4.916666666666667,3,4
"–î–æ—Å—Ç–∞–≤–∫–∞-—Å–∫–æ—Ä–æ—Å—Ç—å —Å–≤–µ—Ç–∞! –û—Ç–ª–∏—á–Ω–∞—è —ë–º–∫–æ—Å—Ç—å, –∫–∞–∂–µ—Ç—Å—è –±–æ–ª—å—à–µ–≤–∞—Ç–æ–π. –ù–û! –ø–æ–¥ –ª—é–±–æ–π —Å—Ç–∏–∫ –º—ã–ª–∞ –∏ –ø–µ–Ω–∞ –æ—Å—Ç–∞—ë—Ç—Å—è –≤–Ω—É—Ç—Ä–∏ –∏ –Ω–µ –Ω—É–∂–Ω–æ —Å–æ–±–∏—Ä–∞—Ç—å —Å–Ω–∞—Ä—É–∂–∏. –ö—Ä—ã—à–∫–∞ —Å–∞–¥–∏—Ç—Å—è –Ω–µ —Ç—É–≥–æ –∏ –Ω–µ –±–æ–ª—Ç–∞–µ—Ç—Å—è. –¢—Ä–∞–Ω—Å–ø–æ—Ä—Ç–Ω–∞—è —É–ø–∞–∫–æ–≤–∫–∞ –Ω–∞–¥—ë–∂–Ω–∞—è. –í—Å—ë –±–µ–∑ –ø–æ–≤—Ä–µ–∂–¥–µ–Ω–∏–π.",35,34,4.571428571428571,18,1,4.833333333333333,44,50
"–í–æ–∑–≤—Ä–∞—Ç! –í–æ-–ø–µ—Ä–≤—ã—Ö, –∑–∞–¥–∞–ª –≤–æ–ø—Ä–æ—Å –ø—Ä–æ–¥–∞–≤—Ü—É, –æ–±—Ä–∞—Ç–Ω–æ–π —Å–≤—è–∑–∏ –Ω–æ–ª—å! –í–æ-–≤—Ç–æ—Ä—ã—Ö, –∫–æ—à–µ–ª–µ–∫ –¥–∞–ª–µ–∫–æ –Ω–µ –º–∞–ª–µ–Ω—å–∫–∏–π –∏ –Ω–µ —Ç–æ–Ω–∫–∏–π. –ï–≥–æ —Ç–æ–ª—â–∏–Ω–∞ —è–≤–Ω–æ –Ω–µ 1 —Å–º.  2 —Å–º + –∏ —ç—Ç–æ –æ–Ω –µ—â–µ –ø—É—Å—Ç–æ–π. –í-—Ç—Ä–µ—Ç—å–∏—Ö - —Å–∞–º–æ–µ –≥–ª–∞–≤–Ω–æ–µ, –∫–∞—Ä—Ç—ã –Ω–µ –≤–ª–∞–∑–∏–µ—Ç –≤ –æ—Ç–¥–µ–ª–µ–Ω–∏—è, –º–º 4-5 –Ω–µ —Ö–≤–∞—Ç–∞–µ—Ç. –í —Ü–µ–ª–æ–º –ø–æ –∫–∞—á–µ—Å—Ç–≤—É –∫–æ—à–µ–ª–µ–∫ –Ω–µ–ø–ª–æ—Ö–æ–π, –Ω–æ –æ—Ç–¥–µ–ª–µ–Ω–∏—è –ø–æ–¥ –∫–∞—Ä—Ç—ã —Ä–∞—Å—Å—Ç—Ä–æ–∏–ª–∏((",3,3,4.0,6,1,3.1666666666666665,2,4
–¶–µ–Ω–∞ –∫–∞—á–µ—Å—Ç–≤–æ —Å–æ–æ—Ç–≤–µ—Ç—Å—Ç–≤—É–µ—Ç,5,5,4.6,116,13,4.7844827586206895,21,49
"–ö—É—Ä—Ç–∫–∞ –ø—Ä–æ—Å—Ç–æ —É–∂–∞—Åüí©–∑–∞–∫–∞–∑–∞–ª–∞ —Ç—Ä–∏ —Ä–∞–∑–Ω—ã—Ö —Ü–≤–µ—Ç–æ–≤, –∏ –≤—Å–µ –æ–¥–∏–Ω–∞–∫–æ–≤—ã–µ: –∫—Ä–∏–≤—ã–µ –∫–∞–∫–∏–µ-—Ç–æ, –Ω–∞–ø–æ–ª–Ω–∏—Ç–µ–ª—å —Ä–∞—Å–ø—Ä–µ–¥–µ–ª–µ–Ω –Ω–µ—Ä–∞–≤–Ω–æ–º–µ—Ä–Ω–æ, —É –æ–¥–Ω–æ–π –≤–æ–æ–±—â–µ –∫–Ω–æ–ø–∫–∏ –Ω–µ –±—ã–ª–æ. –ü—Ä–∏—à–ª–æ—Å—å –µ—â—ë –∏ –∑–∞ –≤–æ–∑–≤—Ä–∞—Ç –ø–ª–∞—Ç–∏—Ç—å(",1,1,2.0,42,13,4.119047619047619,10,16
–¢–æ–≤–∞—Ä –ø—Ä–∏—à—ë–ª —Å –±—Ä–∞–∫–æ–º! –ú–∞—Ç—Ä–∏—Ü–∞ –Ω–µ –∏—Å–ø—Ä–∞–≤–Ω–∞!,1,1,1.0,43,7,3.8372093023255816,7,12
"–û—á–µ–Ω—å –±—ã–ª–∞ —Ä–∞—Å—Å—Ç—Ä–æ–µ–Ω–Ω–∞ —Ç–∞–∫–∏–º –æ—Ç–≤—Ä–∞—Ç–∏—Ç–µ–ª—å–Ω–æ —É–ø–∞–∫–æ–≤–∞–Ω–Ω—ã–º —Ç–æ–≤–∞—Ä–æ–º. –£–∂–∞—Å–Ω–∞—è —É–ø–∞–∫–æ–≤–∫–∞ –≤—Å—è —Ä–∞–∑–æ—Ä–≤–∞–ª–∞, –≥–¥–µ-—Ç–æ —Å–∫–æ—Ç—á–µ–º —Å–∫–ª–µ–µ–Ω–∞. –•–æ—á–µ—Ç—Å—è —Å–ø—Ä–æ—Å–∏—Ç—å —É –ø—Ä–æ–¥–æ–≤—Ü–∞, –≤—ã –≤–æ–æ–±—â–µ —Å–º–æ—Ç—Ä–∏—Ç–µ —á—Ç–æ –≤—ã –∑–∞ —Ç–æ–≤–∞—Ä  –æ—Ç–ø—Ä–∞–≤–ª—è–µ—Ç–µ?–í–æ–æ–±—â–µ–º –∫ –ø–æ–∫—É–ø–∫–µ –Ω–µ —Å–æ–≤–µ—Ç—É—é.",2,2,3.0,76,34,2.986842105263158,37,145
"–ó–¥—Ä–∞–≤—Å—Ç–≤—É–π—Ç–µ! –¢–æ–≤–∞—Ä –ø–æ–ª—É—á–∏–ª–∞, –ø–æ–∫—É–ø–∞–ª–∞ –ø–æ–¥–∞—Ä–æ–∫ –¥–µ—Ç—è–º, –Ω–∞–º –æ—á–µ–Ω—å –ø–æ–Ω—Ä–∞–≤–∏–ª–∞—Å—å. –°–æ–æ—Ç–≤–µ—Ç—Å—Ç–≤—É–µ—Ç –∫–∞–∫ –≤ –∫–∞—Ä—Ç–∏–Ω–∫–∏ —Ä–∏—Å—É–Ω–∫–∏ –≤—Å–µ –∞–∫–∫—É—Ä–∞—Ç–Ω–æ –Ω–∏ –∫–∞–∫–æ–≥–æ –±—Ä–∞–∫–∞ –Ω–µ—Ç, —Ñ–∏–∫—Å–∞—Ç–æ—Ä—ã –¥–∞–∂–µ –∑–∞–ø–∞—Å–æ–º –µ—Å—Ç—å –≤—Å–µ –æ—Ç–ª–∏—á–Ω–æüëçüëçüëçüëç —Å–ø–∞—Å–∏–±–æ –±–æ–ª—å—à–æ–µ –∑–∞ –±—ã—Å—Ç—Ä—É—é —Å–±–æ—Ä–∫—É –ø—Ä–æ–¥–∞–≤—Ü—Éüíêüíêüíê. –ò —Å–ø–∞—Å–∏–±–æ –ø—Ä–æ–∏–∑–≤–æ–¥–∏—Ç–µ–ª—éüíãüíãüíã",23,22,5.0,449,148,4.494432071269488,37,67
"–ë–æ–ª—å—à–µ–º–µ—Ä–∏—Ç –æ—á–µ–Ω—å —Å–∏–ª—å–Ω–æ, –Ω–æ —Å–≤–∏—Ç—à–æ—Ç –∫–ª–∞—Å—Å–Ω—ã–π",4,1,1.75,5,1,4.8,17,37
"–ö—Ä–∞—Å–∏–≤—ã–µ, –º—è–≥–∫–∏–µ –∏ —É–¥–æ–±–Ω—ã–µ —Ç—Ä—è–ø–æ—á–∫–∏",36,33,4.527777777777778,17,5,5.0,55,99
–ü—Ä–∏—à–ª–∏ –∑–∞ –¥–≤–∞ –¥–Ω—è,6,4,5.0,21,2,5.0,27,74
Ô∏é Ô∏é Ô∏é Ô∏é Ô∏é Ô∏é,8,7,5.0,96,27,4.520833333333333,12,13
–í –æ–¥–Ω–æ–º –∫–æ–º–ø–ª–µ–∫—Ç–µ 3—Å–∏—Ç–æ—á–∫–∏ –∑–∞ –≤—Å—ë 147–ø–ª–∞—Ç–∏–ª–∏,3,3,4.666666666666667,36,10,4.722222222222222,5,7
"–°–º—ã–≤–∞–µ—Ç –ø–ª–æ—Ö–æ, —â–∏–ø–ª–µ—Ç –≥–ª–∞–∑–∞",9,9,4.222222222222222,382,35,4.384816753926701,34,42
"–î–∞–≤–Ω–æ –º–µ—á—Ç–∞–ª–∞  –∫—É–ø–∏—Ç—å –¥—É—Ö–∏ –ú–æ–∂–µ—Ç –±—ã—Ç—å, –∏ –æ—Å—É—â–µ—Å—Ç–≤–∏–ª–∞ —Å–≤–æ—é –º–µ—á—Ç—É.  –°–ø–∞—Å–∏–±–æ –æ–≥—Ä–æ–º–Ω–æ–µ!!!",10,10,5.0,205,23,3.570731707317073,22,41
"–£–¥–æ–±–Ω–∞—è –∏ –∫–∞—á–µ—Å—Ç–≤–µ–Ω–Ω–∞—è —é–±–∫–∞. –ù–∞ —Ä–æ—Å—Ç 168, –û–¢ 68, –û–ë 98 –ø–æ–¥–æ—à–ª–∞ –∏–¥–µ–∞–ª—å–Ω–æ.",2,2,5.0,2397,601,4.832707551105549,6,7
–û—Ç–ª–∏—á–Ω—ã–µ –ª–æ—Ñ–µ—Ä—ã –∑–∞ —Ç–∞–∫—É—é —Ü–µ–Ω—É,20,20,4.6,7,0,4.571428571428571,46,66
"–í–∞–ª–µ–Ω–∫–∏ –ø—Ä–∏–∫–æ–ª—å–Ω—ã–µ, –∏–Ω—Ç–µ—Ä–µ—Å–Ω—ã–µ. –ù–æ –ø—Ä–∏—à–ª–æ—Å—å –≤–µ—Ä–Ω—É—Ç—å, —Ç.–∫. –Ω–∞ –º–æ–π 40-–æ–π —Ä–∞–∑–º–µ—Ä 41-—ã–π –æ–∫–∞–∑–∞–ª—Å—è –º–∞–ª, —Ç–µ—Å–Ω–æ–≤–∞—Ç–æ –±—ã–ª–æ –Ω–æ–≥–µ.",8,8,4.5,196,46,4.801020408163265,36,134
"–ø—Ä–∏—à–ª–∞ –∫–Ω–∏–≥–∞ –±—ã—Å—Ç—Ä–æ,—Ö–æ—Ä–æ—à–æ –∑–∞–ø–∞–∫–æ–≤–∞–Ω–∞",3,3,5.0,396,87,4.83080808080808,12,13
"–ö–æ—Ñ—Ç–æ—á–∫–∞ –æ—á–µ–Ω—å –¥–∞–∂–µ –ª—é–±–æ, –Ω–æ —É–≤—ã —è —Å–æ —Å–≤–æ–∏–º —Ä–æ—Å—Ç–æ–º 160 –≤ –Ω–µ–π –ø—Ä–æ—Å—Ç–æ —É—Ç–æ–Ω—É–ª–∞(((  –ø–æ—á—Ç–∏ –¥–æ –∫–æ–ª–µ–Ω, –∞ —Ö–æ—Ç–µ–ª–æ—Å—å –±—ã —Å–ª–µ–≥–∫–∞ –ø—Ä–∏–∫—Ä—ã–≤–∞—é—â—É—é –ø–æ–ø—É.",2,2,5.0,106,42,4.726415094339623,2,12
"–ü—Ä–∏—à–ª–∞ —Ä—É—á–∫–∞ –Ω–∞ 4–≥–±, –æ—Ç–∫–∞–∑",1,1,1.0,3,2,2.6666666666666665,8,155
"–®–ø–∞—Ä–∏—Ç –∫–∞–∫ –Ω–∞ –≥–∞–∑—É, –æ—á–µ–Ω—å –º–æ—â–Ω–∞—è. –°—Ç–∞–≤–ª—é –≤—ã—à–∫—É!",1,1,5.0,35,6,4.628571428571429,1,1
"–ó–∞–∫–∞–∑–∞–ª–∞ –∫–æ–Ω—Ç–µ–π–Ω–µ—Ä —Å –ø–æ–¥–æ–≥—Ä–µ–≤–æ–º –æ—Ç —Å–µ—Ç–∏ –∏ –æ—Ç –∞–≤—Ç–æ–º–æ–±–∏–ª—è, –ø—Ä–∏—à–µ–ª –∫–æ–Ω—Ç–µ–π–Ω–µ—Ä —Ç–æ–ª—å–∫–æ —Å –∑–∞—Ä—è–¥–∫–æ–π –æ—Ç –∞–≤—Ç–æ–º–æ–±–∏–ª—è, –Ω–∞ —Ñ–æ—Ç–æ –±—ã–ª–æ —Å –∑–∞—Ä—è–¥–∫–æ–π –æ—Ç —Å–µ—Ç–∏ –∏ –æ—Ç –∞–≤—Ç–æ–º–æ–±–∏–ª—è –∏ –±—ã–ª–æ –Ω–∞–ø–∏—Å–∞–Ω–æ, —á—Ç–æ –∏ –æ—Ç —Å–µ—Ç–∏ —Ç–æ–∂–µ, –æ–±–º–∞–Ω–æ–º –∑–∞–Ω–∏–º–∞–µ—Ç–µ—Å—å –µ—â—ë –ø—Ä–∏ –≤–æ–∑–≤—Ä–∞—Ç–µ —Å–Ω—è–ª–∏ –¥–µ–Ω—å–≥–∏ 100 —Ä—É–±–ª–µ–π, –µ—â—ë –∑–∞–ø—Ä–∞—à–∏–≤–∞–µ—Ç–µ –æ—Ü–µ–Ω–∫—É, —Ç–æ–ª—å–∫–æ –º–∏–Ω—É—Å –º–æ–≥—É –≤–∞–º –ø–æ—Å—Ç–∞–≤–∏—Ç—å",1,1,1.0,7,0,1.8571428571428568,1,2
–ù–µ –∑–∞–∫–∞–∑—ã–≤–∞–ª —Ç–æ–≤–∞—Ä –Ω–æ –º–Ω–µ —Ö–æ—Ç–µ–ª–∏ –µ–≥–æ –≤–ø–∞—Ä–∏—Ç—å,4,3,2.75,730,203,4.7972602739726025,8,25
"–ë—Ä—é–∫–∏ –æ—á–µ–Ω—å –∫–ª–∞—Å—Å–Ω—ã–µ!,–Ω–æ —Å–∞–º–∞ –∑–∞–∫–∞–∑–∞–ª–∞ –Ω–µ —Ç–æ—Ç —Ä–∞–∑–º–µ—Ä ,–ø–µ—Ä–µ–∑–∞–∫–∞–∂—É.",2,2,5.0,172,35,4.453488372093023,2,9
"–í—Ç–æ—Ä–æ–π —Ä–∞–∑ —Ö—É–¥–µ—é —Å –ø–æ–º–æ—â—å—é –°–µ–ª—Ç–æ–º–∏–∫—Å, —Ä–µ–∑—É–ª—å—Ç–∞—Ç—ã —Ö–æ—Ä–æ—à–∏–µ. –£–¥–æ–±–µ–Ω –≤ –∏—Å–ø–æ–ª—å–∑–æ–≤–∞–Ω–∏–∏, –Ω—Ä–∞–≤–∏—Ç—Å—è —á—Ç–æ —Ç–∞–±–ª–∏—Ü–∞ –µ—Å—Ç—å, –ø—Ä–∏—Ç—É–ø–ª—è–µ—Ç —á—É–≤—Å—Ç–≤–æ –≥–æ–ª–æ–¥–∞.",2,2,5.0,3068,930,4.320078226857888,0,2
–†–∞–∑–æ—á–∞—Ä–æ–≤–∞–Ω–∞. –ü—Ä–∏—Å–ª–∞–ª–∏ –¥—Ä—É–≥—É—é –º–æ–¥–µ–ª—å. –û—Ñ–æ—Ä–º–ª–µ–Ω –≤–æ–∑–≤—Ä–∞—Ç –∫–∞–∫ –Ω–µ–≤–µ—Ä–Ω–æ–µ –≤–ª–æ–∂–µ–Ω–∏–µ –ù–æ 150 —Ä—É–±–ª–µ–π –∑–∞ –≤–æ–∑–≤—Ä–∞—Ç —É–¥–µ—Ä–∂–∞–ª–∏. –û—á–µ–Ω—å –Ω–µ–ø—Ä–∏—è—Ç–Ω–æ–µ –≤–ø–µ—á–∞—Ç–ª–µ–Ω–∏–µ.,2,2,3.0,15,3,3.733333333333333,3,8
"–ó–∞–∫–∞–∑—ã–≤–∞–ª–∞ 2 —Ä–∞–∑–º–µ—Ä–∞ –Ω–∞ –ø—Ä–∏–º–µ—Ä–∫—É. –û–¥–∏–Ω –Ω–µ –ø–æ–¥–æ—à—ë–ª, –∞ –ø–ª–∞—Ç—å–µ 50 —Ä–∞–∑–º–µ—Ä–∞ –±—ã–ª–æ —Å–æ–≤—Å–µ–º –¥—Ä—É–≥–æ–≥–æ —Ñ–∞—Å–æ–Ω–∞. –° —Ñ–∞—Ç–∏–Ω–æ–≤–æ–π —é–±–∫–æ–π. –ú–µ—Ä–∏—Ç—å –Ω–µ —Å—Ç–∞–ª–∞.  –ì—Ä—É—Å—Ç–Ω–æ.",1,1,3.0,29,6,4.448275862068965,1,6
"–ù–∞ –æ—â—É–ø—å –º–∞—Ç–µ—Ä–∏–∞–ª –æ—á–µ–Ω—å —Ö–æ—Ä–æ—à–∏–π. –ê –∫–æ–≥–¥–∞ –æ–¥–µ–ª –∏ –ø—Ä–æ–≤—ë–ª –ø–æ –≥—Ä—É–¥–∏ –∏ –∂–∏–≤–æ—Ç—É, —Ç–æ —á—É–≤—Å—Ç–≤—É–µ—Ç—Å—è –≤–æ–ª–Ω–∞ –æ—Ç –ø–æ–ª–æ—Å–æ—á–µ–∫. –¢–æ–ø–æ—Ä—â–∏—Ç—Å—è —É –ø–æ–¥–º—ã—à–µ–∫. –°–∫–æ—Ä–µ–µ –≤—Å–µ–≥–æ –Ω—É–∂–µ–Ω —Ä–∞–∑–º–µ—Ä –º–µ–Ω—å—à–µ. –ó–∞–∫–∞–∑—ã–≤–∞–ª 52, –∞ —Å–µ–π—á–∞—Å –±—É–¥—É –∑–∞–∫–∞–∑—ã–≤–∞—Ç—å 50.",1,1,5.0,49,2,4.510204081632653,3,8
"–°–∑–∞–¥–∏ —à–Ω—É—Ä–æ–≤–∫–∞ , –≤–Ω—É—Ç—Ä–∏ –º–µ—Ö –∏ –≤–Ω–µ—à–Ω–µ –≤—ã–≥–ª—è–¥–∏—Ç –æ—á–µ–Ω—å —Ö–æ—Ä–æ—à–æ. –ö–∞—á–µ—Å—Ç–≤–µ–Ω–Ω–æ –∏–∑–≥–æ—Ç–æ–≤–ª–µ–Ω—ã. –ú–Ω–µ –ø–æ–¥–æ—à–ª–∏.",40,2,5.0,4,6,4.5,13,43
–¢–æ–≤–∞—Ä  –ø—Ä–∏—à–ª–∏  –Ω–æ –Ω–µ  –ø–æ–¥–æ—à—ë–ª  –Ω–µ –ø—Ä–∞–≤–∏–ª—å–Ω–æ  –æ—Ç–ø—Ä–∞–≤–∏–ª–∏,1,1,1.0,7,0,1.0,0,2
"–æ–æ—á–µ–Ω—å –∫—Ä—É—Ç–æ–µ –ø–ª–∞—Ç—å–µ! –Ω–æ —Å–Ω–∞—á–∞–ª–∞ –∑–∞–∫–∞–∑–∞–ª–∞ XS –∏ –Ω–µ –≤–ª–µ–∑–ª–∞ –≤ –Ω–µ–≥–æ,—Ö–æ—Ç—è –ø–æ —Ä–∞–∑–º–µ—Ä–Ω–æ–π —Å–µ—Ç–∫–µ –æ–Ω —Å–æ–æ—Ç–≤–µ—Ç—Å—Ç–≤—É–µ—Ç –º–æ–∏–º –ø–∞—Ä–∞–º–µ—Ç—Ä–∞–º. —Ä–∞–∑–º–µ—Ä S –ø–æ–¥–æ—à—ë–ª –∏–¥–µ–∞–ª—å–Ω–æ)",1,1,5.0,8979,3247,4.790423162583519,4,5
"–ü—Ä–∏—à–ª–∏ —Ñ—É—Ç–∑–∞–ª–∫–∏ –Ω–µ –≤ –ª—É—á—à–µ–º –≤–∏–¥–µ. –ú–µ—Å—Ç–∞–º–∏ –ø—è—Ç–Ω–∞ –Ω–µ–∏–∑–≤–µ—Å—Ç–Ω–æ –æ—Ç —á–µ–≥–æ. –û–¥–Ω–æ, —á—Ç–æ –æ–±–∏–¥–Ω–æ –Ω–µ –ø–æ–¥–æ—à–ª–∏ –ø–æ —à–∏—Ä–∏–Ω–µ —Å—Ç–æ–ø—ã.",1,1,3.0,35,11,4.171428571428572,2,5
"–ó–∞–º–µ—á–∞—Ç–µ–ª—å–Ω—ã–µ, –ª–µ–≥–∫–∏–µ,–∫—Ä–∞—Å–∏–≤—ã–µ! –ù–∞ —Å–≤–æ–π 38, –≤–∑—è–ª–∞ 41!!! –®–∏—Ä–æ–∫–∞—è —Å—Ç–æ–ø–∞, –∏ –≤—ã—Å–æ–∫–∏–π –ø–æ–¥—ä–µ–º. –°–µ–ª–∏ –∏–¥–µ–∞–ª—å–Ω–æ! –ë–ª–∞–≥–æ–¥–∞—Ä—é –ø—Ä–æ–¥–∞–≤—Ü–∞ –∏ –¥–æ—Å—Ç–∞–≤–∫—Éüëèüëèüëè",127,87,4.803149606299213,10,3,5.0,211,356
"–ó–∞–º–µ—á–∞—Ç–µ–ª—å–Ω—ã–µ, –ª–µ–≥–∫–∏–µ,–∫—Ä–∞—Å–∏–≤—ã–µ! –ù–∞ —Å–≤–æ–π 38, –≤–∑—è–ª–∞ 41!!! –®–∏—Ä–æ–∫–∞—è —Å—Ç–æ–ø–∞, –∏ –≤—ã—Å–æ–∫–∏–π –ø–æ–¥—ä–µ–º. –°–µ–ª–∏ –∏–¥–µ–∞–ª—å–Ω–æ! –ë–ª–∞–≥–æ–¥–∞—Ä—é –ø—Ä–æ–¥–∞–≤—Ü–∞ –∏ –¥–æ—Å—Ç–∞–≤–∫—Éüëèüëèüëè",127,87,4.803149606299213,10,3,5.0,211,356
"–¢–æ–≤–∞—Ä –∏–º–µ–µ—Ç –∑–∞–ø–∞—Ö –∫–ª–µ—ë–Ω–∫–∏. –ü—Ä–∏—à–µ–ª —Å –º–Ω–æ–≥–æ—á–∏—Å–ª–µ–Ω–Ω—ã–º –±—Ä–∞–∫–æ–º: –æ—Ç—Å—É—Ç—Å—Ç–≤–æ–≤–∞–ª–∞ –≤–Ω—É—Ç—Ä–µ–Ω–Ω—è—è –ø—É–≥–æ–≤–∏—Ü–∞ –Ω–∞ –ø–æ—è—Å–µ –±—Ä—é–∫, —à–≤—ã –≤–æ –º–Ω–æ–≥–∏—Ö –º–µ—Å—Ç–∞—Ö —Ä–∞—Å—Ö–æ–¥—è—Ç—Å—è (—à–æ–≤ –Ω–∞ –≤–Ω—É—Ç—Ä–µ–Ω–Ω–µ–º —Å—Ç—ã–∫–µ –ø—Ä–∞–≤–æ–π –∏ –ª–µ–≤–æ–π –±—Ä—é—á–∏–Ω, –Ω–∏–∂–Ω–∏–π –∫—Ä–∞–π –º–æ–ª–Ω–∏–∏ –≤ –≥—É–ª—å—Ñ–∏–∫–µ) –∏ –ø–æ–≤—Å—é–¥—É —Ç–æ—Ä—á–∞—Ç –Ω–∏—Ç–∫–∏. –ö–∞—á–µ—Å—Ç–≤–æ –æ—á–µ–Ω—å —Ä–∞—Å—Å—Ç—Ä–æ–∏–ª–æ, –ø–æ—ç—Ç–æ–º—É –æ—Ç–∫–∞–∑",3,3,3.333333333333333,2003,439,4.504243634548177,20,30
–ü—Ä–∏—Å–ª–∞–ª–∏ –Ω–æ—à–µ–Ω–Ω—ã–µ —Å–∞–ø–æ–≥–∏. *—Å–ø–∞—Å–∏–±–æ* –ø–æ—Å—Ç–∞–≤—â–∏–∏–∫—É. –ë—É–¥—Ç–µ –≤–Ω–∏–º–∞—Ç–µ–ª—å–Ω—ã.,1,1,1.0,96,47,3.8854166666666665,1,3
"–ü—Ä–∏—à–µ–ª –≤ –Ω–µ–ø–æ–Ω—è—Ç–Ω–æ–π —É–ø–∞–∫–æ–≤–∫–µ –≤—Å–∫—Ä—ã—Ç–∞—è ,–∞ —Å–∞–º–∞ –∫—É—Ä—Ç–∫–∞ —á—Ç–æ –Ω–æ—à–µ–Ω–Ω–∞—è",2,2,3.0,6,1,3.5,2,4
–û—á–µ–Ω—å –±–æ–ª—å—à–µ–º–µ—Ä—è—Ç –ò –Ω–µ —Å–∫–∞–∑–∞–Ω–æ —á—Ç–æ –∑–∞ –≤–æ–∑–≤—Ä–∞—Ç –±–µ—Ä—É—Ç –¥–µ–Ω—å–≥–∏.,4,4,1.25,7,0,4.285714285714286,3,4
"–ö–æ–Ω—Ç–µ–π–Ω–µ—Ä–∞ —Ö–æ—Ä–æ—à–∏–µ, –º–Ω–µ –æ–Ω–∏ –æ—á–µ–Ω—å –ø–æ–º–æ–≥—É—Ç –≤ –º–æ—ë–º –ø—Ä–æ–∏–∑–≤–æ–¥—Å—Ç–≤–µ. –ó–∞–±—Ä–∞–ª–∞ –Ω–µ —Å–º–æ—Ç—Ä—è –Ω–∞ —Å–∫–æ–ª —É–≥–æ–ª–∫–∞, –ø–æ—Ç–æ–º—É —á—Ç–æ –ø–ª–∞—Å—Ç–º–∞—Å—Å –ø–æ–Ω–∏–º–∞—é —á—Ç–æ –Ω–µ –≤–µ—á–Ω—ã–π. –î–ª—è –º–µ–Ω—è –Ω–µ –∫—Ä–∏—Ç–∏—á–Ω–æ, –Ω–æ –º–æ–∂–µ—Ç —Å—Ç–æ–∏—Ç –æ–±—Ä–∞—Ç–∏—Ç—å –≤–Ω–∏–º–∞–Ω–∏–µ –Ω–∞ —É–ø–∞–∫–æ–≤–∫—É, –¥–ª—è –∫–æ–≥–æ —Ç–æ –±—É–¥–µ—Ç –≤–æ–∑–≤—Ä–∞—Ç. –§–æ—Ç–æ –ø—Ä–∏–ª–∞–≥–∞—é",7,7,4.571428571428571,140,53,4.235714285714286,9,24
–ó–∞–∫–∞–∑—ã–≤–∞–ª 2 —Ä–∞–∑–∞ –ø—Ä–∏—à√´–ª –Ω–µ —Ç–æ—Ç —Ç–æ–≤–∞—Ä –∏ –ø–æ –∫–∞—á–µ—Å—Ç–≤—É —Ç–∞ –æ—á–µ–Ω—å –ø–ª–æ—Ö–∞—è,1,1,1.0,133,8,4.7669172932330826,1,3
"–¢–æ–≤–∞—Ä –¥–æ—Å—Ç–∞–≤–ª–µ–Ω –≤ —Å—Ä–æ–∫. –ó–∞—è–≤–ª–µ–Ω–Ω—ã–º —Ö–∞—Ä–∞–∫—Ç–µ—Ä–∏—Å—Ç–∏–∫–∞–º —Å–æ–æ—Ç–≤–µ—Ç—Å—Ç–≤—É–µ—Ç. –¢—Ä–∏–∫–æ—Ç–∞–∂ –ø–ª–æ—Ç–Ω—ã–π –∏ —Ö–æ—Ä–æ—à–æ —Ç—è–Ω–µ—Ç—Å—è. –ü—Ä–∏—è—Ç–Ω—ã–π –Ω–∞ –æ—â—É–ø—å –∏ –∫ —Ç–µ–ª—É. –°—à–∏—Ç –∞–∫–∫—É—Ä–∞—Ç–Ω–æ. –ì–æ—Ä–ª–æ–≤–∏–Ω–∞ –Ω–µ –¥–∞–≤–∏—Ç. –†–∞–∑–º–µ—Ä—É —Å–æ–æ—Ç–≤–µ—Ç—Å—Ç–≤—É–µ—Ç. –ü–æ—Å–º–æ—Ç—Ä–∏–º, –∫–∞–∫ –±—É–¥–µ—Ç –≤ –Ω–æ—Å–∫–µ. –ù–∞–¥–µ—é—Å—å –Ω–µ —Å—è–¥–µ—Ç –ø—Ä–∏ —Å—Ç–∏—Ä–∫–µ –∏ –Ω–µ –ø–æ–π–¥–µ—Ç –∫–∞—Ç—ã—à–∫–∞–º–∏. –°–ø–∞—Å–∏–±–æ.",82,71,4.548780487804878,116,13,4.879310344827586,114,171
"–ø–æ —Ä–∞–∑–º–µ—Ä—É –Ω–∞ —Ä–æ—Å—Å–∏–π—Å–∫–∏–π 52 –ø–æ–¥–æ—à–µ–ª —Ä–∞–∑–º–µ—Ä –ø—Ä–æ–∏–∑–≤–æ–¥–∏—Ç–µ–ª—è 32, –º–∞—Ç–µ—Ä–∏–∞–ª –ø–ª–æ—Ç–Ω—ã–π, —Ç—è–Ω–µ—Ç—Å—è, –Ω–∞ –≤–µ—Å–Ω—É –∏ –ø—Ä–æ—Ö–ª–∞–¥–Ω–æ–µ –ª–µ—Ç–æ. –ù–∞ —Ä–æ—Å—Ç 160 —á—É—Ç—å –ø–æ–¥–≤–µ—Ä–Ω—É–ª–∞, —Å–µ–ª–∏ –æ—Ç–ª–∏—á–Ω–æ, –ø—Ä—è–º–æ —Ç–æ, —á—Ç–æ –Ω—É–∂–Ω–æ. –ö–∞—á–µ—Å—Ç–≤–æ –ø–æ—à–∏–≤–∞ —Ö–æ—Ä–æ—à–µ–µ, —à–≤—ã –≤—Å–µ —Ä–æ–≤–Ω—ã–µ, –Ω–∏—Ç–∫–∏ –Ω–µ —Ç–æ—Ä—á–∞–ª–∏, –∫–∞—Ä–º–∞–Ω—ã –≤—Å–µ –ø—Ä–æ—à–∏—Ç—ã. –ï–¥–∏–Ω—Å—Ç–≤–µ–Ω–Ω—ã–π –º–∏–Ω—É—Å-—Ü–≤–µ—Ç —Ç–µ–º–Ω–µ–µ, —á–µ–º –Ω–∞ —Ñ–æ—Ç–æ, –Ω–æ –≤–æ–∑–º–æ–∂–Ω–æ —ç—Ç–æ –±—ã–ª–æ —Ç–∞–∫–æ–µ –æ—Å–≤–µ—â–µ–Ω–∏–µ",1,1,5.0,1142,249,4.530647985989492,2,2
–ù–µ –ø–æ–ª–Ω—ã–π –∫–æ–º–ø–ª–µ–∫—Ç. –ù–∞—Å—Ç—Ä–æ–µ–Ω–∏–µ –∏—Å–ø–æ—Ä—á–µ–Ω–æ.,1,1,1.0,4,0,2.0,9,15
"–†–µ–∑–∫–∏–π –Ω–µ–ø—Ä–∏—è—Ç–Ω—ã–π –∑–∞–ø–∞—Ö, —á–∏—Å—Ç—ã–π —Å–ø–∏—Ä—Çü§Æü§Æü§Æü§Æü§Æü§Æ",1,1,1.0,147,63,4.680272108843537,1,3
"–®–∏–∫–∞—Ä–Ω–∞—è —Å—É–º–∫–∞! –ï—â–µ –∏ —Å –∏–Ω—Å—Ç—Ä—É–º–µ–Ω—Ç–æ–º! –í–∑—è–ª–∞ –±–∞–±—É—à–∫–µ –Ω–∞ –æ–≥–æ—Ä–æ–¥,–¥—É–º–∞—é,—á—Ç–æ –±—É–¥–µ—Ç –¥–æ–≤–æ–ª—å–Ω–∞) –°–ø–∞—Å–∏–±–æ!",638,550,4.7115987460815045,5,1,5.0,731,2137
"–ò–¥–µ–∞–ª—å–Ω–∞—è –¥—É–±–ª—ë–Ω–∫–∞! –û—Ç–ª–∏—á–Ω–æ —Å–µ–ª–∞ –Ω–∞ —Ä–æ—Å—Ç 180 —Å–º, —Ö–æ—Ä–æ—à–∞—è –¥–ª–∏–Ω–∞, –ø–æ–ø—É –ø—Ä–∏–∫—Ä—ã–≤–∞–µ—Ç, —Ä—É–∫–∞–≤ –ù–ï –∫–æ—Ä–æ—Ç–∫–∏–π. –ú–µ—Ä–∏–ª–∞ —Ç–∞–∫—É—é –∂–µ –≤ –º–∞–≥–∞–∑–∏–Ω–µ - –ø–æ–∫–∞–∑–∞–ª–∞—Å—å –¥—É–±–æ–≤–æ–π, —Ä—É–∫–∏ —Ç—è–∂–µ–ª–æ –±—ã–ª–æ —Å–≥–∏–±–∞—Ç—å, —ç—Ç–∞ –ø–æ—à–∏—Ç–∞ –∏–∑ –¥—Ä—É–≥–æ–≥–æ –º–∞—Ç–µ—Ä–∏–∞–ª–∞, –Ω–∞–º–Ω–æ–≥–æ –º—è–≥—á–µ, –≤ –Ω–µ–π –æ—á–µ–Ω—å –∫–æ–º—Ñ–æ—Ä—Ç–Ω–æ, –ª—é–±–æ–≤—å ü•∞",1,1,5.0,54,34,4.203703703703703,22,23
–û—Ç–ª–∏—á–Ω—ã–µ –ø–∞–∫–µ—Ç—ã.,11,11,5.0,305,46,4.645901639344262,32,308
–ö –∫–∞–º–Ω—é –ø—Ä–µ—Ç–µ–Ω–∑–∏–π –Ω–µ—Ç. –ù–µ–æ–≥—Ä–∞–Ω–µ–Ω–Ω—ã–π –±–µ—Ä–∏–ª–ª. –í—Å–µ –æ–∫ !  –ù–æ –º–µ—Ç–∞–ª–ª –ø–æ—á–µ–º—É —Ç–æ –º–µ—Å—Ç–∞–º–∏ —Ü–≤–µ—Ç–∞ —Å–µ—Ä–µ–±—Ä–∏—Å—Ç–æ–≥–æ –∏ —ç—Ç–æ —Ç–æ—á–Ω–æ –Ω–µ –ø–∞—Ç–∏–Ω–∞. –ù–µ –æ—Ç—à–ª–∏—Ñ–æ–≤–∞–Ω –≤ –Ω–µ–∫–æ—Ç–æ—Ä—ã—Ö –º–µ—Å—Ç–∞—Ö. –ö–∞—á–µ—Å—Ç–≤–æ —Ä–∞–¥–∏–∫–∞–ª—å–Ω–æ –æ—Ç–ª–∏—á–∞–µ—Ç—Å—è –æ—Ç –¥—Ä—É–≥–æ–≥–æ –∫–æ–ª—å—Ü–∞ –±—Ä–æ–Ω–∑–æ–≤–æ–≥–æ.,59,44,4.576271186440678,2,2,3.5,82,120
–î–æ–±—Ä—ã–π –¥–µ–Ω—å ! –ü—Ä–∏—à–µ–ª –≤ —Å –¥–µ—Ñ–µ–∫—Ç–æ–º. –ñ–ö –¥–∏—Å–ø–ª–µ–π –Ω–µ–∏—Å–ø—Ä–∞–≤–Ω–æ–º —Å–æ—Å—Ç–æ—è–Ω–∏–∏! –í—ã–Ω—É–∂–¥–µ–Ω –≤–µ—Ä–Ω—É—Ç—å !,1,1,1.0,285,130,4.445614035087719,1,8
"–û—á–µ–Ω—å –∞–∫–∫—É—Ä–∞—Ç–Ω–æ —Å—à–∏—Ç—ã, –∫—Ä–∞—Å–∏–≤—ã–µ, –Ω–æ –º–∞–ª–æ–º–µ—Ä—è—Ç –Ω–∞ —Ç—Ä–∏ —Ä–∞–∑–º–µ—Ä–∞, –Ω–∞ 38 –≤–∑—è–ª–∞ 41.",10,10,4.8,19,5,4.368421052631579,26,91
–ö–ª–∞—Å—Å–Ω–∞—è –≤–µ—â—å.,5,2,5.0,100,18,5.0,4,4
"–•–æ—Ä–æ—à–∏–π —Ö–∞–ª–∞—Ç–∏–∫, –æ—Ç–ª–∏—á–Ω–æ–µ –∫–∞—á–µ—Å—Ç–≤–æ, —Å—Ç–æ–∏—Ç –ø–æ—Å—Ç–∏—Ä–∞—Ç—å —Å—Ä–∞–∑—É!!!",1,1,5.0,43,11,4.883720930232558,1,1
"–õ–∞–º–ø–∞ —Ä–∞–±–æ—Ç–∞–µ—Ç 2 –º–µ—Å—è—Ü–∞. –í—Å–µ —Ö–æ—Ä–æ—à–æ. –ü—Ç–∏—á–∫–∞–º –æ—á–µ–Ω—å –ø–æ–Ω—Ä–∞–≤–∏–ª–æ—Å—å, —Å—Ç–∞–ª–∏ –∞–∫—Ç–∏–≤–Ω–µ–µ. –ù–∞—à–∏ –ª—é–±–∏–º—á–∏–∫–∏ –ø—Ä–æ—Å—Ç–æ –æ–∂–∏–ª–∏. –ü–æ–≤–µ–¥–µ–Ω–∏–µ –∏–∑–º–µ–Ω–∏–ª–æ—Å—å, —Å—Ç–∞–ª–∏ –∏–≥—Ä–∏–≤—ã–µ. –ú—ã —Ç–∞–∫ –ø–æ–Ω—è–ª–∏, —á—Ç–æ —Å—Ç–∞–ª–∏ –ª—É—á—à–µ –≤–∏–¥–µ—Ç—å —Ç–∞–∫ –∫–∞–∫ –ø—Ä–æ—è–≤–∏–ª—Å—è –∏–Ω—Ç–µ—Ä–µ—Å –∫ –æ–≤–æ—â–∞–º –∏ —Ñ—Ä—É–∫—Ç–∞–º. –í–∫—É—Å–æ–≤—ã–µ —Ä–µ—Ü–µ–ø—Ç–æ—Ä—ã —è–≤–Ω–æ —É–ª—É—á—à–∏–ª–∏—Å—å. –°—Ç–∞–ª–∏ —Ä–∞–∑–ª–∏—á–∞—Ç—å –≤–∫—É—Å—ã. –ò –≤—Å—ë-—Ç–∞–∫–∏ –ª–∞–º–ø–∞ –æ–∫–∞–∑–∞–ª–∞—Å—å –Ω–µ–∑–∞–º–µ–Ω–∏–º–æ–π –≤–µ—â—å—é –≤ –µ–∂–µ–¥–Ω–µ–≤–Ω–æ–º —Ä–∞—Ü–∏–æ–Ω–µ –Ω–∞—à–∏—Ö –ø—Ç–∏—á–µ–∫. –ö–æ–Ω–µ—á–Ω–æ, –≤–Ω–∞—á–∞–ª–µ –º–∞–ª–æ –Ω–∞–¥–µ–∂–¥ –±—ã–ª–æ, –Ω–æ –∫–∞–∫ –æ–∫–∞–∑–∞–ª–æ—Å—å —ç—Ç–æ –æ—á–µ–Ω—å –Ω–µ–æ–±—Ö–æ–¥–∏–º–∞—è –≤–µ—â—å –¥–ª—è –∂–∏–∑–Ω–µ–¥–µ—è—Ç–µ–ª—å–Ω–æ—Å—Ç–∏ –ø–æ–ø—É–≥–∞–µ–≤. –û—á–µ–Ω—å —Ä–µ–∫–æ–º–µ–Ω–¥—É—é!",3,3,5.0,84,48,4.011904761904762,2,24
"–®–∞–ø–∫–∞ –ø–æ –∫–∞—á–µ—Å—Ç–≤—É –ø—Ä–æ—Å—Ç–æ —É–∂–∞—Å–Ω–∞—è, –Ω–∞ –æ—â—É–ø—å –Ω–µ–ø—Ä–∏—è—Ç–Ω–∞—è –≤–æ–æ–±—â–µ",28,27,4.25,132,67,4.386363636363637,56,90
–ù–∞–º–Ω–æ–≥–æ –º–∞–ª–µ–Ω—å–∫–∏–π —Ä–∞–∑–º–µ—Ä –¥–∞–∂–µ –Ω–æ–≥–∞ –≤ –∫—Ä–æ—Å—Å–æ–≤–æ–∫ –Ω–µ –∑–∞–ª–µ–∑–ª–∞  –ö—Ä–∞—Å–æ–≤–∫–∏ —Å–æ–≤—Å–µ–º –Ω–µ —Ç–∞–∫–∏–µ –∫–∞–∫ –Ω–∞ —Ñ–æ—Ç–æ  –ú–∞—Ç–µ—Ä–∏–∞–ª –æ—á–µ–Ω—å –º—è–≥–∫–∏–π –¥–∞–∂–µ –Ω–µ –¥–µ—Ä–∂–∞—Ç —Ñ–æ—Ä–º—É –∫—Ä–∞—Å–æ–≤–∫–∏,4,4,4.0,26,3,3.8461538461538463,24,33
"–°–ø–∞—Å–∏–±–æ –º–æ–π —Ä–∞–∑–º–µ—Ä —Å—Ç–∞–ª 3,–∞ –±—ã–ª–æ 0 —Ö–æ—Ç—è —á–µ—Å—Ç–Ω–æ —Ö–∑ –º–Ω–µ –ª–∏—á–Ω–æ —Ö$–π–Ω—è",3,3,5.0,747,152,4.456492637215529,3,14
"Thank you, –∑–∞ –±—ã—Å—Ç—Ä—É—é –¥–æ—Å—Ç–∞–≤–∫—É.",4,4,5.0,92,24,4.5978260869565215,5,12
–ü—Ä–∏—à–ª–∏ –±—Ä—é–∫–∏ –¥—Ä—É–≥–æ–π —Ñ–∏—Ä–º—ã,4,1,1.75,2,0,1.0,17,37
–ß–µ—Ö–æ–ª –∫–ª–∞—Å—Å–Ω—ã–π))),4,4,5.0,1,0,5.0,5,5
"–°–∏–º–ø–∞—Ç–∏—á–Ω—ã–µ –±–æ—Ç–∏–Ω–∫–∏, –Ω–æ –æ—á–µ–Ω—å —É–∑–∫–∏–µ",1,1,5.0,10,2,4.6,9,12
"–í—Å–µ –æ—Ç–ª–∏—á–Ω–æ,–ø–æ —Ä–∞–∑–º–µ—Ä—É –ø–æ–¥–æ—à–ª–æ,—Å–æ–≤–µ—Ç—É—é)",1,1,5.0,8979,3247,4.790423162583519,3,7
"–ö—É—Ä—Ç–∫–∞ –Ω–µ–ø–æ–Ω—è—Ç–Ω–∞—è, –∑–∞–∫–∞–∑—ã–≤–∞–ª–∏ 2 —Ä–∞–∑–º–µ—Ä–∞, –ø–ª–µ—á–∏ —à–∏—Ä–æ–∫–∏–µ, –≤–æ—Ä–æ—Ç —É–∑–∫–∏–π, –≤–æ–æ–±—â–µ –Ω–µ –∑–∞—Å—Ç–µ–≥–Ω—É–ª—Å—è!",1,1,1.0,10,0,4.1,4,7
"–ú–Ω–µ –ø–æ–¥–æ—à–ª–∏ —Ä–∞–∑–º–µ—Ä –≤ —Ä–∞–∑–º–µ—Ä. –ë–µ–∂–µ–≤—ã–µ ,—Å–º–æ—Ç—Ä—è—Ç—Å—è –≤–µ–ª–∏–∫–æ–ª–µ–ø–Ω–æ. –ú—è–≥–∫–∏–µ –∏ —Ç–µ–ø–ª—ã–µ.",40,2,5.0,6,9,3.6666666666666665,13,43
"–ó–∞–∫–∞–∑–∞–ª–∞ –ø–∞—Å—Ç–µ–ª—å–Ω–æ-—Å–µ—Ä—ã–π, –ø—Ä–∏—à–µ–ª —á–µ—Ä–Ω—ã–π. –û—Ç–∫–∞–∑. –ù–æ –Ω–∞ –æ—â—É–ø—å –ø–æ–Ω—Ä–∞–≤–∏–ª—Å—è.",7,3,4.571428571428571,10,2,4.0,33,76
"–ø—Ä–∏—à—ë–ª –≤ —Å–æ–ª—è—Ä–∫–µ, –≤–∏–¥–Ω–æ —É–∂–µ –∫—Ç–æ —Ç–æ –ø—Ä–æ–±–æ–≤–∞–ª... –Ω–µ —Å—Ç–∞–ª –∑–∞–±–∏—Ä–∞—Ç—å... –ø—Ä–æ—Å—Ç–æ —Ç–∞–∫ , —è –¥—É–º–∞—é, –ø—Ä–µ–¥—ã–¥—É—â–∏–π –ø–æ–∫—É–ø–∞—Ç–µ–ª—å –Ω–µ –≤–µ—Ä–Ω—É–ª –±—ã ....",7,5,4.428571428571429,95,9,4.294736842105263,8,9
"–û—á–µ–Ω—å —Å–∏–ª—å–Ω–æ –º–∞–ª–æ–º–µ—Ä—è—Ç,–Ω–æ—à—É 39 –∑–∞–∫–∞–∑–∞–ª–∞ 40 –º–∞–ª—ã, –ø–∞–ª—å—Ü—ã –≤ –∫—É–ª–∞–∫ —Å–≤–µ—Ä–Ω—É–ª–∏—Å—å,–¥—É–º–∞—é 41 —Ç–æ–∂–µ –±—É–¥–µ—Ç –≤–ø—Ä–∏—Ç—ã–∫,–∞ –Ω–∞ –ª–µ—Ç–æ —Å —É—á–µ—Ç–æ–º —Ç–æ–≥–æ,—á—Ç–æ –Ω–æ–≥–∏ –æ—Ç–µ–∫–∞—é—Ç –≤–æ–æ–±—â–µ –Ω–µ –≤–∞—Ä–∏–∞–Ω—Ç.",2,2,4.0,117,42,4.495726495726496,4,5
"–ú–Ω–µ –ø–æ–¥–æ—à–ª–∏ —Ä–∞–∑–º–µ—Ä –≤ —Ä–∞–∑–º–µ—Ä. –õ–µ–≥–∫–æ –Ω–∞–¥–µ–ª–∞ . –£–¥–æ–±–Ω—ã–µ,–ø–æ–¥–æ—à–≤–∞ –ª–∏—Ç–∞—è,–Ω–∞–¥–µ—é—Å—å –Ω–µ –ø—Ä–æ–º–æ–∫–Ω—É—Ç.",40,2,5.0,8,9,4.25,13,43
–ü—Ä–∏—à–µ–ª –Ω–µ —Ç–æ—Ç —Ä–∞–∑–º–µ—Ä.,2,2,1.0,33,5,4.090909090909091,3,8
–ü—Ä–∏–µ—Ö–∞–ª –≤–µ—Å—å –≤ —Ü–∞—Ä–∞–ø–∏–Ω–∞—Ö,2,2,3.0,653,151,4.309341500765697,3,5
–ü—Ä–∏—à–µ–ª –±—Ä–∞–∫,1,1,1.0,620,91,4.533870967741936,1,3
"–ó–∞—è–≤–ª–µ–Ω–æ: –Ω–∞—Ç—É—Ä–∞–ª—å–Ω–∞—è –∫–æ–∂–∞, –ø–æ —Ñ–∞–∫—Ç—É —ç–∫–æ-–∫–æ–∂–∞. –ö–æ—Ä–æ–±–∫–∞ –ø—Ä–∏—à–ª–∞ –º—è—Ç–∞—è, –±—É–¥—Ç–æ –µ—ë –ø–∏–Ω–∞–ª–∏. –ù–µ —Ä–µ–∫–æ–º–µ–Ω–¥—É—é –ø—Ä–æ–¥–∞–≤—Ü–∞.",1,1,1.0,36,12,3.4166666666666665,18,23
–í–º–µ—Å—Ç–æ —à–∞–º–ø—É–Ω—è –ø—Ä–∏—Å–ª–∞–ª–∏ –≥–µ–ª—å –¥–ª—è –¥—É—à–∞ .,6,6,4.333333333333333,9301,1177,4.3608214170519295,65,92
"–ù—É–∂–Ω–∞ –±—ã–ª–∞ —Ä—É–±–∞—à–∫–∞ –¥–ª—è –º–µ—Ä–æ–ø—Ä–∏—è—Ç–∏—è. –í—ã–±–æ—Ä –ø–∞–ª –Ω–∞ —ç—Ç—É —Ä—É–±–∞—à–∫—É. –ü–æ–ª—É—á–∏–ª –≤ —Ö–æ—Ä–æ—à–µ–π —É–ø–∞–∫–æ–≤–∫–µ, –∫–∞—á–µ—Å—Ç–≤–æ –ø–æ—Ä–∞–¥–æ–≤–∞–ª–æ, –≤—ã–≥–ª—è–¥–∏—Ç –∫–∞–∫ –Ω–∞ –∫–∞—Ä—Ç–∏–Ω–∫–µ.  –†–∞–∑–º–µ—Ä —Å–æ–æ—Ç–≤–µ—Ç—Å—Ç–≤—É–µ—Ç, –≤—Å–µ –ø–æ–¥–æ—à–ª–æ. –†–µ–∫–æ–º–µ–Ω–¥—É—é –∫ –ø–æ–∫—É–ø–∫–µ.",1,1,5.0,49,11,4.448979591836735,1,4
"–í —Ü–µ–ª–æ–º –∫–∞—á–µ—Å—Ç–≤–æ —Ö–æ—Ä–æ—à–µ–µ, –Ω–æ –Ω–∞ —Ä–æ—Å—Ç 175—Å–º –∫–æ—Ä–æ—Ç–∫–æ–µ, –∫–∞–∫ —Ç—É–Ω–∏–∫–∞ü§∑‚Äç‚ôÄÔ∏è",2,2,4.5,2,0,3.5,8,12
"–ü—Ä–∏—Å–ª–∞–ª–∏ —Å–æ–≤–µ—à–µ–Ω–Ω–æ –¥—Ä—É–≥–æ–π —Ç–æ–≤–∞—Ä!!! –ó–∞–∫–∞–∑—ã–≤–∞–ª–∞ —á–µ—Ä–Ω—ã–µ –±—Ä—é—á–Ω—ã–µ –º–æ–ª–Ω–∏–∏,10 —à—Ç .–ø—Ä–∏—Å–ª–∞–ª–∏  –∫—É—Ä—Ç–æ—á–Ω—É—é –æ–¥–Ω—É,—Å–∏–Ω–µ–≥–æ —Ü–≤–µ—Ç–∞ !–î–∞ –µ—â—ë —Å–æ–¥—Ä–∞–ª–∏100—Ä –∑–∞ –≤–æ–∑–≤—Ä–∞—Ç!",8,8,4.125,27,9,4.703703703703703,7,7
"–ù—É–∂–µ–Ω –±—ã–ª 8+, –ø—Ä–∏—Å–ª–∞–ª–∏ 8 –æ–±—ã—á–Ω—ã–π",1,1,1.0,184,88,2.9347826086956523,0,1
–ü—Ä–∏—à—ë–ª —Å–æ–≤—Å–µ–º –¥—Ä—É–≥–æ–π –µ–∂–µ–¥–Ω–µ–≤–Ω–∏–∫,1,1,1.0,3,1,1.6666666666666667,0,3
"–°—Ç–æ–∏—Ç –∑–∞–¥—É–º–∞—Ç—å—Å—è –Ω–∞–¥ —É–ø–∞–∫–æ–≤–∫–æ–π –¥–∞–Ω–Ω–æ–≥–æ —Ç–æ–≤–∞—Ä–∞ –¥–ª—è –¥–æ—Å—Ç–∞–≤–∫–∏!!! –í —Ç–∞–∫–æ–º —Å–æ—Å—Ç–æ—è–Ω–∏–∏ —Ç–æ–≤–∞—Ä –ø–æ—Å—Ç—É–ø–∞–µ—Ç –∫ –ø–æ–∫—É–ø–∞—Ç–µ–ª—é, —Ç–∞–∫–æ–µ –æ—Ç–Ω–æ—à–µ–Ω–∏–µ –∫ –ø–æ–∫—É–ø–∞—Ç–µ–ª—é –Ω–µ –¥–æ–ø—É—Å—Ç–∏–º–æ. –ï—â—ë –∏ –∑–∞ –≤–æ–∑–≤—Ä–∞—Ç –¥–µ–Ω—å–≥–∏ —Å–ø–∏—Å–∞–ª–∏. –°–∞–º —Ç–æ–≤–∞—Ä –Ω–∞ 5 –∑–≤—ë–∑–¥.",6,6,3.6666666666666665,458,52,4.467248908296943,43,81
–í—Å–µ —Ö–æ—Ä–æ—à–æ –∏ –∫–∞—á–µ—Å—Ç–≤–µ–Ω–Ω–æ —Å–ø–∞—Å–∏–±–æ,7,1,4.857142857142857,82,9,4.475609756097561,3,12
–í—Å–µ —Ä–∞–±–æ—Ç–∞–µ—Ç,1,1,5.0,5,0,4.4,1,3
"–¢–æ–ª—Å—Ç—ã–π —Ñ–ª–∏—Å ,—Ñ–∏—Ä–º–∞ –¢–í–û–Å. –®–∏—Ä–æ–∫–∏–µ, –±–æ–ª—å—à–∏–º–µ—Ä—è—Ç.",530,23,4.349056603773585,1,0,5.0,873,2123
"–ù—É –æ—á–µ–Ω—å –º–∞–ª–µ–Ω—å–∫–∞—è –∏–≥—Ä—É—à–∫–∞, —Ç–æ–ª—å–∫–æ –Ω–∞ –º–∞–ª—é—Ö–∞—Å—Ç–µ–Ω—å–∫—É—é –Å–ª–æ—á–∫—É. –ë—ã–ª–∞ –±—ã –±–æ–ª—å—à–µ –ø–æ —Ä–∞–∑–º–µ—Ä—É, –±—ã–ª–æ –±—ã —Å—É–ø–µ—Ä",179,120,4.106145251396648,2,3,4.5,157,373
–í—Ç–æ—Ä–æ–π —Ä–∞–∑ –∑–∞–∫–∞–ª–∞ —Ñ–æ—Ç–æ—Ä–∞–º–∫—É –∏ –≤–Ω–æ–≤—å —Ä–∞–∑–æ—á–∞—Ä–æ–≤–∞–Ω–∏–µ. –í–æ–ø—Ä–æ—Å-–ø–æ—á–µ–º—É —Å–ø–∏—Å—ã–≤–∞—é—Ç –¥–µ–Ω—å–≥–∞ –∑–∞ –≤–æ–∑–≤—Ä–∞—Ç –ù–ï–ö–ê–ß–ï–°–¢–í–ï–ù–ù–û–ì–û —Ç–æ–≤–∞—Ä–∞???!,1,1,1.0,56,34,2.875,0,2
"—Ç–æ–≤–∞—Ä –ø—Ä–∏—à–æ–ª,–æ—á–µ–Ω—å –Ω—Ä–∞–≤–∏—Ç—Å—è",7,6,4.857142857142857,107,48,4.841121495327103,20,155
–û—á–µ–Ω—å –ø–ª–æ—Ö–æ–π –∑–∞–ø–∞—Ö!!! –ê —Ç–∞–∫ –Ω–µ–ø–ª–æ—Ö–∞—è –≤–µ—â—å!,2,2,4.0,3638,605,4.449697636063771,5,10
–ù–æ—Ä–º —Ç–æ—á–∏–ª–∫–∞,1,1,5.0,53,19,4.39622641509434,4,15
"–ë–ª—É–∑–∫–∞ –æ—á–µ–Ω—å –ø–æ–Ω—Ä–∞–≤–∏–ª–∞—Å—å. –ö–∞—á–µ—Å—Ç–≤–æ —Ö–æ—Ä–æ—à–µ–µ. –ö —Å–æ–∂–∞–ª–µ–Ω–∏—é –º–∞–ª–æ–º–µ—Ä–∏—Ç. –ñ–∞–ª–∫–æ, –Ω–æ –≤–æ–∑–≤—Ä–∞—Ç",2,2,4.0,769,166,4.29778933680104,0,4
